{"cameraMode":{"drawMode":0,"name":"Shaded","section":"Shading Mode"},"sceneLighting":false,"audioPlay":false,"sceneViewState":{"m_AlwaysRefresh":false,"showFog":true,"showSkybox":false,"showFlares":true,"showImageEffects":true,"showParticleSystems":true,"showVisualEffectGraphs":true,"m_FxEnabled":true},"in2DMode":false,"pivot":{"x":15.37958812713623,"y":12.183524131774903,"z":3.9461677074432375},"rotation":{"x":0.18325349688529969,"y":-0.5849348306655884,"z":0.13773712515830995,"w":0.7779661417007446},"size":0.7088722586631775,"orthographic":false}