{"cameraMode":{"drawMode":0,"name":"Shaded","section":"Shading Mode"},"sceneLighting":true,"audioPlay":false,"sceneViewState":{"m_AlwaysRefresh":false,"showFog":true,"showSkybox":true,"showFlares":true,"showImageEffects":true,"showParticleSystems":true,"showVisualEffectGraphs":true,"m_FxEnabled":true},"in2DMode":false,"pivot":{"x":10.420440673828125,"y":9.430000305175782,"z":-11.680000305175782},"rotation":{"x":0.010176857002079487,"y":0.046761997044086459,"z":0.0004969018045812845,"w":-0.9987955093383789},"size":3.839254140853882,"orthographic":false}